{
    "type": "create:cutting",
    "fabric:load_conditions": [
        {
            "condition": "fabric:all_mods_loaded",
            "values": [
                "colorfulazaleas"
            ]
        }
    ],
    "ingredients": [
        {
            "item": "colorfulazaleas:stripped_tecal_azalea_wood"
        }
    ],
    "processingTime": 50,
    "results": [
        {
            "count": 6,
            "item": "colorfulazaleas:tecal_azalea_planks"
        }
    ]
}